{
  "users": [
    {
      "id": 1,
      "username": "librarian",
      "pwd": "123"
    },
    {
      "id": 2,
      "username": "jeremy",
      "pwd": "123"
    },
    {
      "id": 3,
      "username": "james",
      "pwd": "123"
    },
    {
      "id": 4,
      "username": "richard",
      "pwd": "123"
    },
    {
      "username": "Kasia",
      "pwd": "12345",
      "id": 6
    },
    {
      "username": "Gosia",
      "pwd": "123456",
      "id": 7
    },
    {
      "username": "JohnTost",
      "pwd": "12345",
      "id": 8
    },
    {
      "username": "Aa",
      "pwd": "Aa",
      "id": 9
    },
    {
      "username": "A",
      "pwd": "s",
      "id": 10
    },
    {
      "username": "Basia",
      "pwd": "555",
      "id": 11
    },
    {
      "username": "Ola",
      "pwd": "12344",
      "id": 12
    },
    {
      "username": "jasio",
      "pwd": "000",
      "id": 13
    },
    {
      "username": "Konrad",
      "pwd": "333",
      "id": 14
    },
    {
      "username": "Paul",
      "pwd": "123",
      "id": 15
    }
  ]
}